Store_ID,Revenue_Prediction
2,350.9702969804835
11,230.35525658014734
16,231.89707867240733
17,711.7402494153647
18,241.97688456377682
20,423.23550404905615
21,346.9138952424446
22,281.92782065769086
23,270.19851410137363
31,444.6349144529876
32,248.33306353832958
34,249.65766142169514
36,296.5665331943201
38,296.5665331943201
